﻿id,batchID,batchIDLastChangedAt,gameID,gameIDLastChangedAt,playerID,playerIDLastChangedAt
01HEK1BHKGZAPVV3JSD7HWFZ1P,01HEK1A5VFC9T8XWV8G621KNV6,2023-11-06T14:22:06.832076-05:00,01HEK1A5VVNDG30D83EV1APDZY,2023-11-06T14:22:06.832076-05:00,01HEK1ASWA9E1SXBPK55N0FVQQ,2023-11-06T14:22:06.832076-05:00
01HEK1BHKMKY6KYAWSSW9RPTSM,01HEK1A5VFC9T8XWV8G621KNV6,2023-11-06T14:22:06.836301-05:00,01HEK1A5VVNDG30D83EV1APDZY,2023-11-06T14:22:06.836301-05:00,01HEK1AXV76A0HVTSVK7ERXN1D,2023-11-06T14:22:06.836301-05:00
01HEK1BHKQ3X9HPP67RN512QQ5,01HEK1A5VFC9T8XWV8G621KNV6,2023-11-06T14:22:06.839251-05:00,01HEK1A5VVNDG30D83EV1APDZY,2023-11-06T14:22:06.839251-05:00,01HEK1B9QW1CG62VDGX4CFWQ6T,2023-11-06T14:22:06.839251-05:00
01HEK1BHKT2QTYG2P062B05VR7,01HEK1A5VFC9T8XWV8G621KNV6,2023-11-06T14:22:06.842857-05:00,01HEK1A5VVNDG30D83EV1APDZY,2023-11-06T14:22:06.842857-05:00,01HEK1BFQH6Y9GR0AMT5PX7485,2023-11-06T14:22:06.842857-05:00
