﻿id,roundID,roundIDLastChangedAt,stageID,stageIDLastChangedAt,playerID,playerIDLastChangedAt,submit,submitLastChangedAt,batchID,batchIDLastChangedAt,gameID,gameIDLastChangedAt
01HEK1BHRD7JMVVRPR9BC4TG26,01HEK1BHM8P7E4BEBSY87RK7KE,2023-11-06T14:22:06.989492-05:00,01HEK1BHNG05GD9KAJS3PTY8EX,2023-11-06T14:22:06.989492-05:00,01HEK1ASWA9E1SXBPK55N0FVQQ,2023-11-06T14:22:06.989492-05:00,true,2023-11-06T14:27:41.871157-05:00,01HEK1A5VFC9T8XWV8G621KNV6,2023-11-06T14:22:06.989492-05:00,01HEK1A5VVNDG30D83EV1APDZY,2023-11-06T14:22:06.989492-05:00
01HEK1BHRJYEYQ45A9MTG9H2KF,01HEK1BHM8P7E4BEBSY87RK7KE,2023-11-06T14:22:06.994378-05:00,01HEK1BHNG05GD9KAJS3PTY8EX,2023-11-06T14:22:06.994378-05:00,01HEK1AXV76A0HVTSVK7ERXN1D,2023-11-06T14:22:06.994378-05:00,true,2023-11-06T14:27:48.245517-05:00,01HEK1A5VFC9T8XWV8G621KNV6,2023-11-06T14:22:06.994378-05:00,01HEK1A5VVNDG30D83EV1APDZY,2023-11-06T14:22:06.994378-05:00
01HEK1BHRNB17KQQ1479GHTC43,01HEK1BHM8P7E4BEBSY87RK7KE,2023-11-06T14:22:06.997852-05:00,01HEK1BHNG05GD9KAJS3PTY8EX,2023-11-06T14:22:06.997852-05:00,01HEK1B9QW1CG62VDGX4CFWQ6T,2023-11-06T14:22:06.997852-05:00,true,2023-11-06T14:27:54.242568-05:00,01HEK1A5VFC9T8XWV8G621KNV6,2023-11-06T14:22:06.997852-05:00,01HEK1A5VVNDG30D83EV1APDZY,2023-11-06T14:22:06.997852-05:00
01HEK1BHRSVZZ7FRE8M598329H,01HEK1BHM8P7E4BEBSY87RK7KE,2023-11-06T14:22:07.001324-05:00,01HEK1BHNG05GD9KAJS3PTY8EX,2023-11-06T14:22:07.001324-05:00,01HEK1BFQH6Y9GR0AMT5PX7485,2023-11-06T14:22:07.001324-05:00,true,2023-11-06T14:27:58.03805-05:00,01HEK1A5VFC9T8XWV8G621KNV6,2023-11-06T14:22:07.001324-05:00,01HEK1A5VVNDG30D83EV1APDZY,2023-11-06T14:22:07.001324-05:00
01HEK1P8KRHPHM9MHHRH1NWVQV,01HEK1BHM8P7E4BEBSY87RK7KE,2023-11-06T14:27:58.072934-05:00,01HEK1BHNG05GD9KAJST52WZHK,2023-11-06T14:27:58.072934-05:00,01HEK1ASWA9E1SXBPK55N0FVQQ,2023-11-06T14:27:58.072934-05:00,true,2023-11-06T16:19:39.229001-05:00,01HEK1A5VFC9T8XWV8G621KNV6,2023-11-06T14:27:58.072934-05:00,01HEK1A5VVNDG30D83EV1APDZY,2023-11-06T14:27:58.072934-05:00
01HEK1P8KWGANRT22XQ11RSKN4,01HEK1BHM8P7E4BEBSY87RK7KE,2023-11-06T14:27:58.076924-05:00,01HEK1BHNG05GD9KAJST52WZHK,2023-11-06T14:27:58.076924-05:00,01HEK1AXV76A0HVTSVK7ERXN1D,2023-11-06T14:27:58.076924-05:00,true,2023-11-06T16:19:42.064091-05:00,01HEK1A5VFC9T8XWV8G621KNV6,2023-11-06T14:27:58.076924-05:00,01HEK1A5VVNDG30D83EV1APDZY,2023-11-06T14:27:58.076924-05:00
01HEK1P8M083KHV4921P443K01,01HEK1BHM8P7E4BEBSY87RK7KE,2023-11-06T14:27:58.080826-05:00,01HEK1BHNG05GD9KAJST52WZHK,2023-11-06T14:27:58.080826-05:00,01HEK1B9QW1CG62VDGX4CFWQ6T,2023-11-06T14:27:58.080826-05:00,true,2023-11-06T16:19:44.117274-05:00,01HEK1A5VFC9T8XWV8G621KNV6,2023-11-06T14:27:58.080826-05:00,01HEK1A5VVNDG30D83EV1APDZY,2023-11-06T14:27:58.080826-05:00
01HEK1P8M5KVR2A08ZH1XKVMNE,01HEK1BHM8P7E4BEBSY87RK7KE,2023-11-06T14:27:58.085266-05:00,01HEK1BHNG05GD9KAJST52WZHK,2023-11-06T14:27:58.085266-05:00,01HEK1BFQH6Y9GR0AMT5PX7485,2023-11-06T14:27:58.085266-05:00,true,2023-11-06T16:19:46.288463-05:00,01HEK1A5VFC9T8XWV8G621KNV6,2023-11-06T14:27:58.085266-05:00,01HEK1A5VVNDG30D83EV1APDZY,2023-11-06T14:27:58.085266-05:00
01HEK82ZNMRR2HSZEWR68PFEEA,01HEK1BHM906T6KZPAKMAR5AP1,2023-11-06T16:19:46.356486-05:00,01HEK1BHNKVMXHMA6PGBE5W05H,2023-11-06T16:19:46.356486-05:00,01HEK1ASWA9E1SXBPK55N0FVQQ,2023-11-06T16:19:46.356486-05:00,true,2023-11-06T16:19:54.983408-05:00,01HEK1A5VFC9T8XWV8G621KNV6,2023-11-06T16:19:46.356486-05:00,01HEK1A5VVNDG30D83EV1APDZY,2023-11-06T16:19:46.356486-05:00
01HEK82ZNS3TJ702GNM548K8RC,01HEK1BHM906T6KZPAKMAR5AP1,2023-11-06T16:19:46.361417-05:00,01HEK1BHNKVMXHMA6PGBE5W05H,2023-11-06T16:19:46.361417-05:00,01HEK1AXV76A0HVTSVK7ERXN1D,2023-11-06T16:19:46.361417-05:00,true,2023-11-06T16:19:52.696407-05:00,01HEK1A5VFC9T8XWV8G621KNV6,2023-11-06T16:19:46.361417-05:00,01HEK1A5VVNDG30D83EV1APDZY,2023-11-06T16:19:46.361417-05:00
01HEK82ZNYYFZ450TR9843DCGS,01HEK1BHM906T6KZPAKMAR5AP1,2023-11-06T16:19:46.366662-05:00,01HEK1BHNKVMXHMA6PGBE5W05H,2023-11-06T16:19:46.366662-05:00,01HEK1B9QW1CG62VDGX4CFWQ6T,2023-11-06T16:19:46.366662-05:00,true,2023-11-06T16:19:50.676573-05:00,01HEK1A5VFC9T8XWV8G621KNV6,2023-11-06T16:19:46.366662-05:00,01HEK1A5VVNDG30D83EV1APDZY,2023-11-06T16:19:46.366662-05:00
01HEK82ZP385BC52EXTFJB380C,01HEK1BHM906T6KZPAKMAR5AP1,2023-11-06T16:19:46.371443-05:00,01HEK1BHNKVMXHMA6PGBE5W05H,2023-11-06T16:19:46.371443-05:00,01HEK1BFQH6Y9GR0AMT5PX7485,2023-11-06T16:19:46.371443-05:00,true,2023-11-06T16:19:48.177422-05:00,01HEK1A5VFC9T8XWV8G621KNV6,2023-11-06T16:19:46.371443-05:00,01HEK1A5VVNDG30D83EV1APDZY,2023-11-06T16:19:46.371443-05:00
01HEK83842ZGS69NFAYAAPJBWS,01HEK1BHM906T6KZPAKMAR5AP1,2023-11-06T16:19:55.01061-05:00,01HEK1BHNKVMXHMA6PH1CVV331,2023-11-06T16:19:55.01061-05:00,01HEK1ASWA9E1SXBPK55N0FVQQ,2023-11-06T16:19:55.01061-05:00,true,2023-11-06T16:19:56.552348-05:00,01HEK1A5VFC9T8XWV8G621KNV6,2023-11-06T16:19:55.01061-05:00,01HEK1A5VVNDG30D83EV1APDZY,2023-11-06T16:19:55.01061-05:00
01HEK8384AGFNWY8JQ5898VNX2,01HEK1BHM906T6KZPAKMAR5AP1,2023-11-06T16:19:55.018376-05:00,01HEK1BHNKVMXHMA6PH1CVV331,2023-11-06T16:19:55.018376-05:00,01HEK1AXV76A0HVTSVK7ERXN1D,2023-11-06T16:19:55.018376-05:00,true,2023-11-06T16:19:58.787694-05:00,01HEK1A5VFC9T8XWV8G621KNV6,2023-11-06T16:19:55.018376-05:00,01HEK1A5VVNDG30D83EV1APDZY,2023-11-06T16:19:55.018376-05:00
01HEK8384EFERHTW3JFAYVJ7KG,01HEK1BHM906T6KZPAKMAR5AP1,2023-11-06T16:19:55.022544-05:00,01HEK1BHNKVMXHMA6PH1CVV331,2023-11-06T16:19:55.022544-05:00,01HEK1B9QW1CG62VDGX4CFWQ6T,2023-11-06T16:19:55.022544-05:00,true,2023-11-06T16:20:01.300714-05:00,01HEK1A5VFC9T8XWV8G621KNV6,2023-11-06T16:19:55.022544-05:00,01HEK1A5VVNDG30D83EV1APDZY,2023-11-06T16:19:55.022544-05:00
01HEK8384J58MRW4P3VCTFDTPQ,01HEK1BHM906T6KZPAKMAR5AP1,2023-11-06T16:19:55.026263-05:00,01HEK1BHNKVMXHMA6PH1CVV331,2023-11-06T16:19:55.026263-05:00,01HEK1BFQH6Y9GR0AMT5PX7485,2023-11-06T16:19:55.026263-05:00,true,2023-11-06T16:20:03.296035-05:00,01HEK1A5VFC9T8XWV8G621KNV6,2023-11-06T16:19:55.026263-05:00,01HEK1A5VVNDG30D83EV1APDZY,2023-11-06T16:19:55.026263-05:00
01HEK83G9569ZKFWGB9KAVVKF5,01HEK1BHM906T6KZPAKX6H28V8,2023-11-06T16:20:03.36588-05:00,01HEK1BHNNR98GNEB98SP0H5FK,2023-11-06T16:20:03.36588-05:00,01HEK1ASWA9E1SXBPK55N0FVQQ,2023-11-06T16:20:03.36588-05:00,true,2023-11-06T16:20:14.809881-05:00,01HEK1A5VFC9T8XWV8G621KNV6,2023-11-06T16:20:03.36588-05:00,01HEK1A5VVNDG30D83EV1APDZY,2023-11-06T16:20:03.36588-05:00
01HEK83G9C0SVVJ74NKNHW0NDD,01HEK1BHM906T6KZPAKX6H28V8,2023-11-06T16:20:03.372755-05:00,01HEK1BHNNR98GNEB98SP0H5FK,2023-11-06T16:20:03.372755-05:00,01HEK1AXV76A0HVTSVK7ERXN1D,2023-11-06T16:20:03.372755-05:00,true,2023-11-06T16:20:11.010075-05:00,01HEK1A5VFC9T8XWV8G621KNV6,2023-11-06T16:20:03.372755-05:00,01HEK1A5VVNDG30D83EV1APDZY,2023-11-06T16:20:03.372755-05:00
01HEK83G9JPEWSR9F0SWRHBH9G,01HEK1BHM906T6KZPAKX6H28V8,2023-11-06T16:20:03.378922-05:00,01HEK1BHNNR98GNEB98SP0H5FK,2023-11-06T16:20:03.378922-05:00,01HEK1B9QW1CG62VDGX4CFWQ6T,2023-11-06T16:20:03.378922-05:00,true,2023-11-06T16:20:08.392002-05:00,01HEK1A5VFC9T8XWV8G621KNV6,2023-11-06T16:20:03.378922-05:00,01HEK1A5VVNDG30D83EV1APDZY,2023-11-06T16:20:03.378922-05:00
01HEK83G9Q4R6REBQCNM1VX3K2,01HEK1BHM906T6KZPAKX6H28V8,2023-11-06T16:20:03.383653-05:00,01HEK1BHNNR98GNEB98SP0H5FK,2023-11-06T16:20:03.383653-05:00,01HEK1BFQH6Y9GR0AMT5PX7485,2023-11-06T16:20:03.383653-05:00,true,2023-11-06T16:20:06.017143-05:00,01HEK1A5VFC9T8XWV8G621KNV6,2023-11-06T16:20:03.383653-05:00,01HEK1A5VVNDG30D83EV1APDZY,2023-11-06T16:20:03.383653-05:00
01HEK83VFPS8CDMR9PG008XAT5,01HEK1BHM906T6KZPAKX6H28V8,2023-11-06T16:20:14.838855-05:00,01HEK1BHNNR98GNEB99HFNSNE1,2023-11-06T16:20:14.838855-05:00,01HEK1ASWA9E1SXBPK55N0FVQQ,2023-11-06T16:20:14.838855-05:00,true,2023-11-06T16:20:17.994478-05:00,01HEK1A5VFC9T8XWV8G621KNV6,2023-11-06T16:20:14.838855-05:00,01HEK1A5VVNDG30D83EV1APDZY,2023-11-06T16:20:14.838855-05:00
01HEK83VFWG6H9FWV56KR24K5X,01HEK1BHM906T6KZPAKX6H28V8,2023-11-06T16:20:14.844788-05:00,01HEK1BHNNR98GNEB99HFNSNE1,2023-11-06T16:20:14.844788-05:00,01HEK1AXV76A0HVTSVK7ERXN1D,2023-11-06T16:20:14.844788-05:00,true,2023-11-06T16:20:20.041358-05:00,01HEK1A5VFC9T8XWV8G621KNV6,2023-11-06T16:20:14.844788-05:00,01HEK1A5VVNDG30D83EV1APDZY,2023-11-06T16:20:14.844788-05:00
01HEK83VG0FNH7W5Y85AZXP70Y,01HEK1BHM906T6KZPAKX6H28V8,2023-11-06T16:20:14.848719-05:00,01HEK1BHNNR98GNEB99HFNSNE1,2023-11-06T16:20:14.848719-05:00,01HEK1B9QW1CG62VDGX4CFWQ6T,2023-11-06T16:20:14.848719-05:00,true,2023-11-06T16:20:22.258647-05:00,01HEK1A5VFC9T8XWV8G621KNV6,2023-11-06T16:20:14.848719-05:00,01HEK1A5VVNDG30D83EV1APDZY,2023-11-06T16:20:14.848719-05:00
01HEK83VG5MD16XVFTAD6XSS0T,01HEK1BHM906T6KZPAKX6H28V8,2023-11-06T16:20:14.85349-05:00,01HEK1BHNNR98GNEB99HFNSNE1,2023-11-06T16:20:14.85349-05:00,01HEK1BFQH6Y9GR0AMT5PX7485,2023-11-06T16:20:14.85349-05:00,true,2023-11-06T16:20:26.030114-05:00,01HEK1A5VFC9T8XWV8G621KNV6,2023-11-06T16:20:14.85349-05:00,01HEK1A5VVNDG30D83EV1APDZY,2023-11-06T16:20:14.85349-05:00
