﻿id,participantID,participantIDLastChangedAt,score,scoreLastChangedAt,exitSurvey,exitSurveyLastChangedAt,gameID,gameIDLastChangedAt,urlParams,urlParamsLastChangedAt,index,indexLastChangedAt,treatment,treatmentLastChangedAt,introDone,introDoneLastChangedAt,traitA,traitALastChangedAt,ended,endedLastChangedAt,exitStepDone,exitStepDoneLastChangedAt,participantIdentifier,participantIdentifierLastChangedAt,treatmentName,treatmentNameLastChangedAt
01HEK1ASWA9E1SXBPK55N0FVQQ,01HEK1ASVS49QFRJH845ZYHXTV,2023-11-06T14:21:42.538604-05:00,48,2023-11-06T16:20:14.819089-05:00,"{""age"":""23"",""gender"":""Male"",""strength"":""Good"",""fair"":""Yes"",""feedback"":""NA"",""education"":""bachelor""}",2023-11-06T16:20:59.1022-05:00,01HEK1A5VVNDG30D83EV1APDZY,2023-11-06T14:21:42.54392-05:00,"{""participantKey"":""1699298488805""}",2023-11-06T14:21:42.554656-05:00,0,2023-11-06T14:22:06.858457-05:00,"{""numRounds"":3,""playerCount"":4}",2023-11-06T14:21:42.54392-05:00,true,2023-11-06T14:21:50.607192-05:00,1,2023-11-06T14:21:49.536804-05:00,game ended,2023-11-06T16:20:26.069148-05:00,true,2023-11-06T16:20:59.102335-05:00,john,2023-11-06T14:21:42.538604-05:00,Four Players - 3 Rounds,2023-11-06T14:21:42.54392-05:00
01HEK1AXV76A0HVTSVK7ERXN1D,01HEK1AXTT3BRR06Z3K4MZM890,2023-11-06T14:21:46.599275-05:00,54,2023-11-06T16:20:14.819089-05:00,"{""age"":""43"",""gender"":""Female"",""strength"":""Bad"",""fair"":""No"",""feedback"":""Lots of problems"",""education"":""master""}",2023-11-06T16:21:25.41904-05:00,01HEK1A5VVNDG30D83EV1APDZY,2023-11-06T14:21:46.603364-05:00,"{""participantKey"":""1699298489626""}",2023-11-06T14:21:46.617425-05:00,1,2023-11-06T14:22:06.858457-05:00,"{""numRounds"":3,""playerCount"":4}",2023-11-06T14:21:46.603364-05:00,true,2023-11-06T14:21:54.165947-05:00,1,2023-11-06T14:21:53.021778-05:00,game ended,2023-11-06T16:20:26.069148-05:00,true,2023-11-06T16:21:25.419164-05:00,paul,2023-11-06T14:21:46.599275-05:00,Four Players - 3 Rounds,2023-11-06T14:21:46.603364-05:00
01HEK1B9QW1CG62VDGX4CFWQ6T,01HEK1B9QF56C8FA5DZHQD44RQ,2023-11-06T14:21:58.780778-05:00,49.666666666666664,2023-11-06T16:20:14.819089-05:00,"{""age"":""37"",""gender"":""Male"",""strength"":""Excellent"",""fair"":""No"",""feedback"":""Fun time"",""education"":""high-school""}",2023-11-06T16:21:47.353871-05:00,01HEK1A5VVNDG30D83EV1APDZY,2023-11-06T14:21:58.784401-05:00,"{""participantKey"":""1699298490614""}",2023-11-06T14:21:58.793312-05:00,2,2023-11-06T14:22:06.858457-05:00,"{""numRounds"":3,""playerCount"":4}",2023-11-06T14:21:58.784401-05:00,true,2023-11-06T14:22:01.271534-05:00,1,2023-11-06T14:22:00.529341-05:00,game ended,2023-11-06T16:20:26.069148-05:00,true,2023-11-06T16:21:47.353983-05:00,george,2023-11-06T14:21:58.780778-05:00,Four Players - 3 Rounds,2023-11-06T14:21:58.784401-05:00
01HEK1BFQH6Y9GR0AMT5PX7485,01HEK1BFQ5BZWD4GSG8W03HH8F,2023-11-06T14:22:04.913071-05:00,49,2023-11-06T16:20:14.819089-05:00,"{""age"":""25"",""gender"":""Female"",""strength"":""Fine"",""fair"":""Yes"",""feedback"":""No feedback"",""education"":""bachelor""}",2023-11-06T16:22:19.049496-05:00,01HEK1A5VVNDG30D83EV1APDZY,2023-11-06T14:22:04.916255-05:00,"{""participantKey"":""1699298491401""}",2023-11-06T14:22:04.926502-05:00,3,2023-11-06T14:22:06.858457-05:00,"{""numRounds"":3,""playerCount"":4}",2023-11-06T14:22:04.916255-05:00,true,2023-11-06T14:22:06.825232-05:00,1,2023-11-06T14:22:05.990267-05:00,game ended,2023-11-06T16:20:26.069148-05:00,true,2023-11-06T16:22:19.049749-05:00,ringo,2023-11-06T14:22:04.913071-05:00,Four Players - 3 Rounds,2023-11-06T14:22:04.916255-05:00
