﻿ended,endedLastChangedAt,gameID,gameIDLastChangedAt,treatment,treatmentLastChangedAt,urlParams,urlParamsLastChangedAt,participantIdentifier,participantIdentifierLastChangedAt,treatmentName,treatmentNameLastChangedAt,traitA,traitALastChangedAt,introDone,introDoneLastChangedAt,exitStepDone,exitStepDoneLastChangedAt,participantID,participantIDLastChangedAt,exitSurvey,exitSurveyLastChangedAt
game ended,2023-10-09T01:22:21.608144-04:00,01HC9CR18RFYB03NZHKPTYD5Z9,2023-10-09T00:57:57.754526-04:00,"{""numRounds"":3,""playerCount"":4}",2023-10-09T00:57:57.754526-04:00,"{""participantKey"":""1696827465620""}",2023-10-09T00:57:57.765135-04:00,raja,2023-10-09T00:57:57.747771-04:00,Four Players - 3 Rounds,2023-10-09T00:57:57.754526-04:00,1,2023-10-09T00:58:19.2418-04:00,true,2023-10-09T00:58:21.491525-04:00,true,2023-10-09T01:22:23.949906-04:00,01HC9CS3Q4Z64BSNG9SFTCSJV5,2023-10-09T00:57:57.747771-04:00,"{""age"":"""",""gender"":"""",""strength"":"""",""fair"":"""",""feedback"":"""",""education"":""""}",2023-10-09T01:22:23.949687-04:00
game ended,2023-10-09T01:22:21.608144-04:00,01HC9CR18RFYB03NZHKPTYD5Z9,2023-10-09T00:58:02.357576-04:00,"{""numRounds"":3,""playerCount"":4}",2023-10-09T00:58:02.357576-04:00,"{""participantKey"":""1696827466245""}",2023-10-09T00:58:02.364686-04:00,neil,2023-10-09T00:58:02.352366-04:00,Four Players - 3 Rounds,2023-10-09T00:58:02.357576-04:00,0.8,2023-10-09T00:58:24.142789-04:00,true,2023-10-09T00:58:25.594379-04:00,true,2023-10-09T01:22:27.00884-04:00,01HC9CS87222MG27REGHBX6GCW,2023-10-09T00:58:02.352366-04:00,"{""age"":"""",""gender"":"""",""strength"":"""",""fair"":"""",""feedback"":"""",""education"":""""}",2023-10-09T01:22:27.008642-04:00
game ended,2023-10-09T01:22:21.608144-04:00,01HC9CR18RFYB03NZHKPTYD5Z9,2023-10-09T00:58:06.461937-04:00,"{""numRounds"":3,""playerCount"":4}",2023-10-09T00:58:06.461937-04:00,"{""participantKey"":""1696827467047""}",2023-10-09T00:58:06.471066-04:00,adriana,2023-10-09T00:58:06.45797-04:00,Four Players - 3 Rounds,2023-10-09T00:58:06.461937-04:00,0.3,2023-10-09T00:58:29.749996-04:00,true,2023-10-09T00:58:30.985296-04:00,true,2023-10-09T01:22:29.448544-04:00,01HC9CSC7CRGJBY20MJQ9CNWJ0,2023-10-09T00:58:06.45797-04:00,"{""age"":"""",""gender"":"""",""strength"":"""",""fair"":"""",""feedback"":"""",""education"":""""}",2023-10-09T01:22:29.448306-04:00
game ended,2023-10-09T01:22:21.608144-04:00,01HC9CR18RFYB03NZHKPTYD5Z9,2023-10-09T00:58:10.307678-04:00,"{""numRounds"":3,""playerCount"":4}",2023-10-09T00:58:10.307678-04:00,"{""participantKey"":""1696827467998""}",2023-10-09T00:58:10.318168-04:00,kendall,2023-10-09T00:58:10.302961-04:00,Four Players - 3 Rounds,2023-10-09T00:58:10.307678-04:00,0,2023-10-09T00:58:33.721757-04:00,true,2023-10-09T00:58:34.541842-04:00,true,2023-10-09T01:22:31.704624-04:00,01HC9CSFZH3R3S0KCYM0VVVEZN,2023-10-09T00:58:10.302961-04:00,"{""age"":"""",""gender"":"""",""strength"":"""",""fair"":"""",""feedback"":"""",""education"":""""}",2023-10-09T01:22:31.704405-04:00
