﻿gameID,gameIDLastChangedAt,roundID,roundIDLastChangedAt,playerID,playerIDLastChangedAt,contribution,contributionLastChangedAt,batchID,batchIDLastChangedAt
01HC9CR18RFYB03NZHKPTYD5Z9,2023-10-09T00:58:34.765903-04:00,01HC9CT7S9WRXY6T98QTE8D6J1,2023-10-09T00:58:34.765903-04:00,01HC9CS3QK92GEHGAVRWBJZGFA,2023-10-09T00:58:34.765903-04:00,10,2023-10-09T00:59:05.624352-04:00,01HC9CR18BXBAZ9W4HFGBEAZ5H,2023-10-09T00:58:34.765903-04:00
01HC9CR18RFYB03NZHKPTYD5Z9,2023-10-09T00:58:34.78197-04:00,01HC9CT7S9WRXY6T98QTE8D6J1,2023-10-09T00:58:34.78197-04:00,01HC9CS87GNFE9F570VWHWD5XH,2023-10-09T00:58:34.78197-04:00,8,2023-10-09T00:59:08.697217-04:00,01HC9CR18BXBAZ9W4HFGBEAZ5H,2023-10-09T00:58:34.78197-04:00
01HC9CR18RFYB03NZHKPTYD5Z9,2023-10-09T00:58:34.785235-04:00,01HC9CT7S9WRXY6T98QTE8D6J1,2023-10-09T00:58:34.785235-04:00,01HC9CSC7SADRFPVCXZS4VGBTS,2023-10-09T00:58:34.785235-04:00,3,2023-10-09T00:59:12.245941-04:00,01HC9CR18BXBAZ9W4HFGBEAZ5H,2023-10-09T00:58:34.785235-04:00
01HC9CR18RFYB03NZHKPTYD5Z9,2023-10-09T00:58:34.787735-04:00,01HC9CT7S9WRXY6T98QTE8D6J1,2023-10-09T00:58:34.787735-04:00,01HC9CSFZYFF2TZX9YFM8F6A4F,2023-10-09T00:58:34.787735-04:00,0,2023-10-09T00:59:14.816799-04:00,01HC9CR18BXBAZ9W4HFGBEAZ5H,2023-10-09T00:58:34.787735-04:00
01HC9CR18RFYB03NZHKPTYD5Z9,2023-10-09T01:21:40.96104-04:00,01HC9CT7SAH2FRBB9FR2DXPE7Y,2023-10-09T01:21:40.96104-04:00,01HC9CS3QK92GEHGAVRWBJZGFA,2023-10-09T01:21:40.96104-04:00,8,2023-10-09T01:21:43.566689-04:00,01HC9CR18BXBAZ9W4HFGBEAZ5H,2023-10-09T01:21:40.96104-04:00
01HC9CR18RFYB03NZHKPTYD5Z9,2023-10-09T01:21:40.965956-04:00,01HC9CT7SAH2FRBB9FR2DXPE7Y,2023-10-09T01:21:40.965956-04:00,01HC9CS87GNFE9F570VWHWD5XH,2023-10-09T01:21:40.965956-04:00,4,2023-10-09T01:21:46.261305-04:00,01HC9CR18BXBAZ9W4HFGBEAZ5H,2023-10-09T01:21:40.965956-04:00
01HC9CR18RFYB03NZHKPTYD5Z9,2023-10-09T01:21:40.973254-04:00,01HC9CT7SAH2FRBB9FR2DXPE7Y,2023-10-09T01:21:40.973254-04:00,01HC9CSC7SADRFPVCXZS4VGBTS,2023-10-09T01:21:40.973254-04:00,9,2023-10-09T01:21:48.303115-04:00,01HC9CR18BXBAZ9W4HFGBEAZ5H,2023-10-09T01:21:40.973254-04:00
01HC9CR18RFYB03NZHKPTYD5Z9,2023-10-09T01:21:40.977896-04:00,01HC9CT7SAH2FRBB9FR2DXPE7Y,2023-10-09T01:21:40.977896-04:00,01HC9CSFZYFF2TZX9YFM8F6A4F,2023-10-09T01:21:40.977896-04:00,1,2023-10-09T01:21:50.264043-04:00,01HC9CR18BXBAZ9W4HFGBEAZ5H,2023-10-09T01:21:40.977896-04:00
01HC9CR18RFYB03NZHKPTYD5Z9,2023-10-09T01:21:58.345337-04:00,01HC9CT7SBXRJ2CFJQGNX4HTG8,2023-10-09T01:21:58.345337-04:00,01HC9CS3QK92GEHGAVRWBJZGFA,2023-10-09T01:21:58.345337-04:00,10,2023-10-09T01:22:00.174444-04:00,01HC9CR18BXBAZ9W4HFGBEAZ5H,2023-10-09T01:21:58.345337-04:00
01HC9CR18RFYB03NZHKPTYD5Z9,2023-10-09T01:21:58.350427-04:00,01HC9CT7SBXRJ2CFJQGNX4HTG8,2023-10-09T01:21:58.350427-04:00,01HC9CS87GNFE9F570VWHWD5XH,2023-10-09T01:21:58.350427-04:00,2,2023-10-09T01:22:02.688195-04:00,01HC9CR18BXBAZ9W4HFGBEAZ5H,2023-10-09T01:21:58.350427-04:00
01HC9CR18RFYB03NZHKPTYD5Z9,2023-10-09T01:21:58.354206-04:00,01HC9CT7SBXRJ2CFJQGNX4HTG8,2023-10-09T01:21:58.354206-04:00,01HC9CSC7SADRFPVCXZS4VGBTS,2023-10-09T01:21:58.354206-04:00,6,2023-10-09T01:22:05.137021-04:00,01HC9CR18BXBAZ9W4HFGBEAZ5H,2023-10-09T01:21:58.354206-04:00
01HC9CR18RFYB03NZHKPTYD5Z9,2023-10-09T01:21:58.358167-04:00,01HC9CT7SBXRJ2CFJQGNX4HTG8,2023-10-09T01:21:58.358167-04:00,01HC9CSFZYFF2TZX9YFM8F6A4F,2023-10-09T01:21:58.358167-04:00,4,2023-10-09T01:22:08.11744-04:00,01HC9CR18BXBAZ9W4HFGBEAZ5H,2023-10-09T01:21:58.358167-04:00
