﻿batchID,batchIDLastChangedAt,gameID,gameIDLastChangedAt,playerID,playerIDLastChangedAt
01HC9CR18BXBAZ9W4HFGBEAZ5H,2023-10-09T00:58:34.548529-04:00,01HC9CR18RFYB03NZHKPTYD5Z9,2023-10-09T00:58:34.548529-04:00,01HC9CS3QK92GEHGAVRWBJZGFA,2023-10-09T00:58:34.548529-04:00
01HC9CR18BXBAZ9W4HFGBEAZ5H,2023-10-09T00:58:34.552449-04:00,01HC9CR18RFYB03NZHKPTYD5Z9,2023-10-09T00:58:34.552449-04:00,01HC9CS87GNFE9F570VWHWD5XH,2023-10-09T00:58:34.552449-04:00
01HC9CR18BXBAZ9W4HFGBEAZ5H,2023-10-09T00:58:34.555946-04:00,01HC9CR18RFYB03NZHKPTYD5Z9,2023-10-09T00:58:34.555946-04:00,01HC9CSC7SADRFPVCXZS4VGBTS,2023-10-09T00:58:34.555946-04:00
01HC9CR18BXBAZ9W4HFGBEAZ5H,2023-10-09T00:58:34.55973-04:00,01HC9CR18RFYB03NZHKPTYD5Z9,2023-10-09T00:58:34.55973-04:00,01HC9CSFZYFF2TZX9YFM8F6A4F,2023-10-09T00:58:34.55973-04:00
