﻿submit,submitLastChangedAt,batchID,batchIDLastChangedAt,gameID,gameIDLastChangedAt,roundID,roundIDLastChangedAt,stageID,stageIDLastChangedAt,playerID,playerIDLastChangedAt
true,2023-10-09T00:59:05.62445-04:00,01HC9CR18BXBAZ9W4HFGBEAZ5H,2023-10-09T00:58:34.800762-04:00,01HC9CR18RFYB03NZHKPTYD5Z9,2023-10-09T00:58:34.800762-04:00,01HC9CT7S9WRXY6T98QTE8D6J1,2023-10-09T00:58:34.800762-04:00,01HC9CT7TKCMVRVYTK9GF2R9TF,2023-10-09T00:58:34.800762-04:00,01HC9CS3QK92GEHGAVRWBJZGFA,2023-10-09T00:58:34.800762-04:00
true,2023-10-09T00:59:08.697411-04:00,01HC9CR18BXBAZ9W4HFGBEAZ5H,2023-10-09T00:58:34.805472-04:00,01HC9CR18RFYB03NZHKPTYD5Z9,2023-10-09T00:58:34.805472-04:00,01HC9CT7S9WRXY6T98QTE8D6J1,2023-10-09T00:58:34.805472-04:00,01HC9CT7TKCMVRVYTK9GF2R9TF,2023-10-09T00:58:34.805472-04:00,01HC9CS87GNFE9F570VWHWD5XH,2023-10-09T00:58:34.805472-04:00
true,2023-10-09T00:59:12.246139-04:00,01HC9CR18BXBAZ9W4HFGBEAZ5H,2023-10-09T00:58:34.808793-04:00,01HC9CR18RFYB03NZHKPTYD5Z9,2023-10-09T00:58:34.808793-04:00,01HC9CT7S9WRXY6T98QTE8D6J1,2023-10-09T00:58:34.808793-04:00,01HC9CT7TKCMVRVYTK9GF2R9TF,2023-10-09T00:58:34.808793-04:00,01HC9CSC7SADRFPVCXZS4VGBTS,2023-10-09T00:58:34.808793-04:00
true,2023-10-09T00:59:14.816973-04:00,01HC9CR18BXBAZ9W4HFGBEAZ5H,2023-10-09T00:58:34.812145-04:00,01HC9CR18RFYB03NZHKPTYD5Z9,2023-10-09T00:58:34.812145-04:00,01HC9CT7S9WRXY6T98QTE8D6J1,2023-10-09T00:58:34.812145-04:00,01HC9CT7TKCMVRVYTK9GF2R9TF,2023-10-09T00:58:34.812145-04:00,01HC9CSFZYFF2TZX9YFM8F6A4F,2023-10-09T00:58:34.812145-04:00
true,2023-10-09T01:21:40.925508-04:00,01HC9CR18BXBAZ9W4HFGBEAZ5H,2023-10-09T00:59:14.942677-04:00,01HC9CR18RFYB03NZHKPTYD5Z9,2023-10-09T00:59:14.942677-04:00,01HC9CT7S9WRXY6T98QTE8D6J1,2023-10-09T00:59:14.942677-04:00,01HC9CT7TKCMVRVYTKA173JHPX,2023-10-09T00:59:14.942677-04:00,01HC9CS3QK92GEHGAVRWBJZGFA,2023-10-09T00:59:14.942677-04:00
true,2023-10-09T01:21:38.196427-04:00,01HC9CR18BXBAZ9W4HFGBEAZ5H,2023-10-09T00:59:14.947103-04:00,01HC9CR18RFYB03NZHKPTYD5Z9,2023-10-09T00:59:14.947103-04:00,01HC9CT7S9WRXY6T98QTE8D6J1,2023-10-09T00:59:14.947103-04:00,01HC9CT7TKCMVRVYTKA173JHPX,2023-10-09T00:59:14.947103-04:00,01HC9CS87GNFE9F570VWHWD5XH,2023-10-09T00:59:14.947103-04:00
true,2023-10-09T01:21:32.950771-04:00,01HC9CR18BXBAZ9W4HFGBEAZ5H,2023-10-09T00:59:14.950359-04:00,01HC9CR18RFYB03NZHKPTYD5Z9,2023-10-09T00:59:14.950359-04:00,01HC9CT7S9WRXY6T98QTE8D6J1,2023-10-09T00:59:14.950359-04:00,01HC9CT7TKCMVRVYTKA173JHPX,2023-10-09T00:59:14.950359-04:00,01HC9CSC7SADRFPVCXZS4VGBTS,2023-10-09T00:59:14.950359-04:00
true,2023-10-09T01:21:36.045912-04:00,01HC9CR18BXBAZ9W4HFGBEAZ5H,2023-10-09T00:59:14.953514-04:00,01HC9CR18RFYB03NZHKPTYD5Z9,2023-10-09T00:59:14.953514-04:00,01HC9CT7S9WRXY6T98QTE8D6J1,2023-10-09T00:59:14.953514-04:00,01HC9CT7TKCMVRVYTKA173JHPX,2023-10-09T00:59:14.953514-04:00,01HC9CSFZYFF2TZX9YFM8F6A4F,2023-10-09T00:59:14.953514-04:00
true,2023-10-09T01:21:43.566866-04:00,01HC9CR18BXBAZ9W4HFGBEAZ5H,2023-10-09T01:21:41.023768-04:00,01HC9CR18RFYB03NZHKPTYD5Z9,2023-10-09T01:21:41.023768-04:00,01HC9CT7SAH2FRBB9FR2DXPE7Y,2023-10-09T01:21:41.023768-04:00,01HC9CT7TPT79KC1PYFTSN9VXW,2023-10-09T01:21:41.023768-04:00,01HC9CS3QK92GEHGAVRWBJZGFA,2023-10-09T01:21:41.023768-04:00
true,2023-10-09T01:21:46.261493-04:00,01HC9CR18BXBAZ9W4HFGBEAZ5H,2023-10-09T01:21:41.029038-04:00,01HC9CR18RFYB03NZHKPTYD5Z9,2023-10-09T01:21:41.029038-04:00,01HC9CT7SAH2FRBB9FR2DXPE7Y,2023-10-09T01:21:41.029038-04:00,01HC9CT7TPT79KC1PYFTSN9VXW,2023-10-09T01:21:41.029038-04:00,01HC9CS87GNFE9F570VWHWD5XH,2023-10-09T01:21:41.029038-04:00
true,2023-10-09T01:21:48.303316-04:00,01HC9CR18BXBAZ9W4HFGBEAZ5H,2023-10-09T01:21:41.033548-04:00,01HC9CR18RFYB03NZHKPTYD5Z9,2023-10-09T01:21:41.033548-04:00,01HC9CT7SAH2FRBB9FR2DXPE7Y,2023-10-09T01:21:41.033548-04:00,01HC9CT7TPT79KC1PYFTSN9VXW,2023-10-09T01:21:41.033548-04:00,01HC9CSC7SADRFPVCXZS4VGBTS,2023-10-09T01:21:41.033548-04:00
true,2023-10-09T01:21:50.264313-04:00,01HC9CR18BXBAZ9W4HFGBEAZ5H,2023-10-09T01:21:41.038176-04:00,01HC9CR18RFYB03NZHKPTYD5Z9,2023-10-09T01:21:41.038176-04:00,01HC9CT7SAH2FRBB9FR2DXPE7Y,2023-10-09T01:21:41.038176-04:00,01HC9CT7TPT79KC1PYFTSN9VXW,2023-10-09T01:21:41.038176-04:00,01HC9CSFZYFF2TZX9YFM8F6A4F,2023-10-09T01:21:41.038176-04:00
true,2023-10-09T01:21:58.319069-04:00,01HC9CR18BXBAZ9W4HFGBEAZ5H,2023-10-09T01:21:50.408615-04:00,01HC9CR18RFYB03NZHKPTYD5Z9,2023-10-09T01:21:50.408615-04:00,01HC9CT7SAH2FRBB9FR2DXPE7Y,2023-10-09T01:21:50.408615-04:00,01HC9CT7TPT79KC1PYGCBRVDZK,2023-10-09T01:21:50.408615-04:00,01HC9CS3QK92GEHGAVRWBJZGFA,2023-10-09T01:21:50.408615-04:00
true,2023-10-09T01:21:55.772951-04:00,01HC9CR18BXBAZ9W4HFGBEAZ5H,2023-10-09T01:21:50.412503-04:00,01HC9CR18RFYB03NZHKPTYD5Z9,2023-10-09T01:21:50.412503-04:00,01HC9CT7SAH2FRBB9FR2DXPE7Y,2023-10-09T01:21:50.412503-04:00,01HC9CT7TPT79KC1PYGCBRVDZK,2023-10-09T01:21:50.412503-04:00,01HC9CS87GNFE9F570VWHWD5XH,2023-10-09T01:21:50.412503-04:00
true,2023-10-09T01:21:53.708848-04:00,01HC9CR18BXBAZ9W4HFGBEAZ5H,2023-10-09T01:21:50.415707-04:00,01HC9CR18RFYB03NZHKPTYD5Z9,2023-10-09T01:21:50.415707-04:00,01HC9CT7SAH2FRBB9FR2DXPE7Y,2023-10-09T01:21:50.415707-04:00,01HC9CT7TPT79KC1PYGCBRVDZK,2023-10-09T01:21:50.415707-04:00,01HC9CSC7SADRFPVCXZS4VGBTS,2023-10-09T01:21:50.415707-04:00
true,2023-10-09T01:21:51.114514-04:00,01HC9CR18BXBAZ9W4HFGBEAZ5H,2023-10-09T01:21:50.418748-04:00,01HC9CR18RFYB03NZHKPTYD5Z9,2023-10-09T01:21:50.418748-04:00,01HC9CT7SAH2FRBB9FR2DXPE7Y,2023-10-09T01:21:50.418748-04:00,01HC9CT7TPT79KC1PYGCBRVDZK,2023-10-09T01:21:50.418748-04:00,01HC9CSFZYFF2TZX9YFM8F6A4F,2023-10-09T01:21:50.418748-04:00
true,2023-10-09T01:22:00.174636-04:00,01HC9CR18BXBAZ9W4HFGBEAZ5H,2023-10-09T01:21:58.379595-04:00,01HC9CR18RFYB03NZHKPTYD5Z9,2023-10-09T01:21:58.379595-04:00,01HC9CT7SBXRJ2CFJQGNX4HTG8,2023-10-09T01:21:58.379595-04:00,01HC9CT7TTR1NYF6ES3XPC5MYK,2023-10-09T01:21:58.379595-04:00,01HC9CS3QK92GEHGAVRWBJZGFA,2023-10-09T01:21:58.379595-04:00
true,2023-10-09T01:22:02.688392-04:00,01HC9CR18BXBAZ9W4HFGBEAZ5H,2023-10-09T01:21:58.385346-04:00,01HC9CR18RFYB03NZHKPTYD5Z9,2023-10-09T01:21:58.385346-04:00,01HC9CT7SBXRJ2CFJQGNX4HTG8,2023-10-09T01:21:58.385346-04:00,01HC9CT7TTR1NYF6ES3XPC5MYK,2023-10-09T01:21:58.385346-04:00,01HC9CS87GNFE9F570VWHWD5XH,2023-10-09T01:21:58.385346-04:00
true,2023-10-09T01:22:05.137218-04:00,01HC9CR18BXBAZ9W4HFGBEAZ5H,2023-10-09T01:21:58.389503-04:00,01HC9CR18RFYB03NZHKPTYD5Z9,2023-10-09T01:21:58.389503-04:00,01HC9CT7SBXRJ2CFJQGNX4HTG8,2023-10-09T01:21:58.389503-04:00,01HC9CT7TTR1NYF6ES3XPC5MYK,2023-10-09T01:21:58.389503-04:00,01HC9CSC7SADRFPVCXZS4VGBTS,2023-10-09T01:21:58.389503-04:00
true,2023-10-09T01:22:08.1177-04:00,01HC9CR18BXBAZ9W4HFGBEAZ5H,2023-10-09T01:21:58.39453-04:00,01HC9CR18RFYB03NZHKPTYD5Z9,2023-10-09T01:21:58.39453-04:00,01HC9CT7SBXRJ2CFJQGNX4HTG8,2023-10-09T01:21:58.39453-04:00,01HC9CT7TTR1NYF6ES3XPC5MYK,2023-10-09T01:21:58.39453-04:00,01HC9CSFZYFF2TZX9YFM8F6A4F,2023-10-09T01:21:58.39453-04:00
true,2023-10-09T01:22:21.571264-04:00,01HC9CR18BXBAZ9W4HFGBEAZ5H,2023-10-09T01:22:08.248196-04:00,01HC9CR18RFYB03NZHKPTYD5Z9,2023-10-09T01:22:08.248196-04:00,01HC9CT7SBXRJ2CFJQGNX4HTG8,2023-10-09T01:22:08.248196-04:00,01HC9CT7TTR1NYF6ES4H2CFAD7,2023-10-09T01:22:08.248196-04:00,01HC9CS3QK92GEHGAVRWBJZGFA,2023-10-09T01:22:08.248196-04:00
true,2023-10-09T01:22:19.1626-04:00,01HC9CR18BXBAZ9W4HFGBEAZ5H,2023-10-09T01:22:08.251452-04:00,01HC9CR18RFYB03NZHKPTYD5Z9,2023-10-09T01:22:08.251452-04:00,01HC9CT7SBXRJ2CFJQGNX4HTG8,2023-10-09T01:22:08.251452-04:00,01HC9CT7TTR1NYF6ES4H2CFAD7,2023-10-09T01:22:08.251452-04:00,01HC9CS87GNFE9F570VWHWD5XH,2023-10-09T01:22:08.251452-04:00
true,2023-10-09T01:22:16.703382-04:00,01HC9CR18BXBAZ9W4HFGBEAZ5H,2023-10-09T01:22:08.254922-04:00,01HC9CR18RFYB03NZHKPTYD5Z9,2023-10-09T01:22:08.254922-04:00,01HC9CT7SBXRJ2CFJQGNX4HTG8,2023-10-09T01:22:08.254922-04:00,01HC9CT7TTR1NYF6ES4H2CFAD7,2023-10-09T01:22:08.254922-04:00,01HC9CSC7SADRFPVCXZS4VGBTS,2023-10-09T01:22:08.254922-04:00
true,2023-10-09T01:22:09.636736-04:00,01HC9CR18BXBAZ9W4HFGBEAZ5H,2023-10-09T01:22:08.258208-04:00,01HC9CR18RFYB03NZHKPTYD5Z9,2023-10-09T01:22:08.258208-04:00,01HC9CT7SBXRJ2CFJQGNX4HTG8,2023-10-09T01:22:08.258208-04:00,01HC9CT7TTR1NYF6ES4H2CFAD7,2023-10-09T01:22:08.258208-04:00,01HC9CSFZYFF2TZX9YFM8F6A4F,2023-10-09T01:22:08.258208-04:00
